Fornitore;Prodotto;Data;Quantita
Bernardi Moira;Detergente intimo;11/11/2020;11
Bernardi Moira;Melanzane;18/10/2020;15
Bernardi Moira;Cereali;24/09/2020;21
Bernardi Moira;Crema mani;17/03/2021;12
Bernardi Moira;Orata;23/10/2020;22
Bernardi Moira;Prodotto per pavimenti;03/12/2020;14
Bernardi Moira;Passata di pomodoro;15/09/2020;11
Bernardi Moira;Sacchetti freezer;07/11/2020;10
Bernardi Moira;Orzo;29/07/2020;13
Bernardi Moira;Crema corpo;13/05/2021;15
Bernardi Moira;Struccante viso;22/06/2021;17
Bernardi Moira;Tofu;30/08/2020;30
Bernardi Moira;Orata;28/01/2021;25
Bernardi Moira;Maionese;07/05/2021;20
Bernardi Moira;Limoni;07/02/2021;16
Bernardi Moira;Parmigiano;29/09/2020;26
Bernardi Moira;Melanzane;09/03/2021;17
Bernardi Moira;Panna;04/08/2020;23
Bernardi Moira;Spazzolino;20/12/2020;25
Bernardi Moira;Olio d'oliva;08/07/2021;28
Bernardi Moira;Detersivo lavastoviglie;20/08/2020;26
Bernardi Moira;Camomilla;09/03/2021;11
Bernardi Moira;Fette biscottate;16/02/2021;10
Bernardi Moira;Filetti di Merluzzo;15/02/2021;24
Bernardi Moira;Peperoncino;08/05/2021;19
Bernardi Moira;Pasta di semola;17/05/2021;11
Bernardi Moira;Rosmarino;03/11/2020;22
Bernardi Moira;Fette biscottate;14/09/2020;11
Bernardi Moira;Camomilla;21/01/2021;18
Bernardi Moira;Shampoo;03/02/2021;11
Bernardi Moira;Fecola di patate;05/05/2021;23
Bernardi Moira;Sesamo;09/12/2020;14
Bernardi Moira;Polipo;24/01/2021;30
Bernardi Moira;Schiuma da barba;06/06/2021;29
Bernardi Moira;Mozzarella;01/11/2020;14
Bernardi Moira;Pomodori;06/05/2021;11
Bernardi Moira;Lenticchie;03/01/2021;17
Bernardi Moira;Antitarme;12/08/2020;15
Bianco Marinella;Panno da cucina;02/05/2021;24
Bianco Marinella;Latte;26/12/2020;17
Bianco Marinella;Crema viso;28/10/2020;11
Bianco Marinella;Rasoio;11/07/2020;26
Bianco Marinella;Uova;11/02/2021;25
Bianco Marinella;Patatine;01/03/2021;12
Bianco Marinella;Sacchetti freezer;27/07/2020;21
Bianco Marinella;Crema viso;12/08/2020;12
Bianco Marinella;Latte;06/06/2021;16
Bianco Marinella;Tofu;02/05/2021;17
Bianco Marinella;Fagioli borlotti;28/10/2020;23
Bianco Marinella;Marmellata;08/09/2020;13
Bianco Marinella;Melanzane;05/02/2021;17
Bianco Marinella;Mozzarella;07/11/2020;27
Bianco Marinella;Crema corpo;12/04/2021;15
Bianco Marinella;Olio d'oliva;12/12/2020;11
Bianco Marinella;Coca Cola;16/03/2021;10
Bianco Marinella;Riso;31/03/2021;23
Bianco Marinella;Sacchetti freezer;19/10/2020;17
Bianco Marinella;Paprika dolce;02/05/2021;20
Bianco Marinella;Contorno occhi;08/12/2020;17
Bianco Marinella;Struccante viso;02/04/2021;27
Bianco Marinella;Patatine;29/11/2020;17
Bianco Marinella;Carote;10/09/2020;28
Bianco Marinella;Schiuma da barba;16/06/2021;30
Bianco Marinella;Maionese;23/05/2021;11
Bianco Marinella;Mortadella;15/02/2021;16
Bianco Marinella;Salsa di soia;06/03/2021;26
Bianco Marinella;Maionese;30/08/2020;29
Bianco Marinella;Crema dopo barba;29/09/2020;20
Bianco Marinella;Vino;20/06/2021;16
Bianco Marinella;Bicchieri di plastica;28/05/2021;17
Bianco Marinella;Salsa di soia;15/03/2021;25
Bianco Marinella;Spugnetta per piatti;01/02/2021;29
Bianco Marinella;Sapone;27/11/2020;19
Bianco Marinella;Pasta fresca;13/09/2020;18
Bianco Marinella;Arrosto;17/04/2021;18
Bianco Marinella;Shampoo;08/01/2021;15
Bianco Marinella;Panno per il bagno;26/05/2021;28
Bianco Marinella;Passata di pomodoro;18/10/2020;23
Bianco Marinella;Maggiorana;20/07/2020;25
Caruso Maura;Prodotto per acciaio;24/06/2021;27
Caruso Maura;Passata di pomodoro;13/09/2020;22
Caruso Maura;Mele;10/07/2020;17
Caruso Maura;Prodotto per parquet;18/07/2020;11
Caruso Maura;Aranciata;27/08/2020;12
Caruso Maura;Filetti di Merluzzo;16/04/2021;22
Caruso Maura;Diffusore per ambienti;02/10/2020;30
Caruso Maura;Carta forno;16/05/2021;30
Caruso Maura;Patate;08/04/2021;20
Caruso Maura;Ammorbidente;19/08/2020;17
Caruso Maura;Fette biscottate;20/11/2020;28
Caruso Maura;Bicchieri di plastica;07/01/2021;30
Caruso Maura;Bicchieri di plastica;16/01/2021;23
Caruso Maura;Passata di pomodoro;19/06/2021;10
Caruso Maura;Ceci;30/01/2021;20
Caruso Maura;Gamberetti;15/03/2021;23
Caruso Maura;Origano;24/06/2021;28
Caruso Maura;Fagioli cannellini;15/02/2021;21
Caruso Maura;Fette biscottate;15/05/2021;20
Caruso Maura;Balsamo;28/05/2021;20
Caruso Maura;Sale grosso;19/03/2021;12
Caruso Maura;Zucchine;30/10/2020;25
Caruso Maura;Tofu;17/01/2021;17
Caruso Maura;Pulizia Forno;25/01/2021;29
Caruso Maura;Detersivo lavastoviglie;16/06/2021;18
Caruso Maura;Ammorbidente;01/02/2021;11
Caruso Maura;Zucchero (bianco o di canna);28/07/2020;15
Caruso Maura;Crema mani;23/07/2020;15
Caruso Maura;Polipo;12/08/2020;24
Caruso Maura;Philadelphia;16/07/2020;20
Caruso Maura;Filo interdentale;19/02/2021;28
Caruso Maura;Nutella;31/10/2020;26
Caruso Maura;Noce moscata;01/02/2021;26
Caruso Maura;Philadelphia;01/10/2020;17
Caruso Maura;Maggiorana;05/07/2021;23
Caruso Maura;Pancetta;13/06/2021;20
Caruso Maura;Pane;03/08/2020;27
Caruso Maura;Zucchero a velo;27/08/2020;14
Caruso Maura;Aceto balsamico;28/09/2020;20
Caruso Maura;Lenticchie;19/05/2021;14
Caruso Maura;Prodotto per pavimenti;17/02/2021;17
Caruso Maura;Seitan;21/05/2021;26
Conte Marisa;Burro;25/04/2021;30
Conte Marisa;Shampoo;29/01/2021;16
Conte Marisa;Crema corpo;05/03/2021;26
Conte Marisa;Pelati;20/06/2021;24
Conte Marisa;Fagioli borlotti;14/11/2020;14
Conte Marisa;Prodotto per parquet;17/12/2020;11
Conte Marisa;Doccia schiuma;08/02/2021;11
Conte Marisa;Mandarini;25/07/2020;28
Conte Marisa;Pasta all'uovo;28/06/2021;28
Conte Marisa;Salsa barbecue;20/02/2021;21
Conte Marisa;Pasta sfoglia;26/08/2020;22
Conte Marisa;Yogurt;24/08/2020;24
Conte Marisa;Pasta sfoglia;02/07/2021;20
Conte Marisa;Sesamo;18/01/2021;21
Conte Marisa;Prosciutto crudo;15/06/2021;26
Conte Marisa;Zucchine;10/03/2021;27
Conte Marisa;Gelato;06/09/2020;16
Conte Marisa;Balsamo;16/11/2020;10
Conte Marisa;Salame;11/07/2020;27
Conte Marisa;Fette biscottate;10/03/2021;23
Conte Marisa;Panno da cucina;21/08/2020;15
Conte Marisa;Origano;06/06/2021;28
Conte Marisa;Orata;18/10/2020;19
Conte Marisa;Gamberi;01/03/2021;22
Conte Marisa;Carote;23/08/2020;11
Conte Marisa;Diffusore per ambienti;16/10/2020;22
Conte Marisa;Mandarini;07/04/2021;20
Conte Marisa;Olio d'oliva;04/11/2020;11
Conte Marisa;Panno per il pavimento;10/06/2021;22
Conte Marisa;Sapone;09/04/2021;26
Conte Marisa;Burro;12/05/2021;29
Conte Marisa;Zucchero (bianco o di canna);09/01/2021;11
Conte Marisa;Bicchieri di plastica;07/06/2021;20
Conte Marisa;Insalata;11/09/2020;25
Conte Marisa;Crema viso;26/10/2020;28
Conte Marisa;Fecola di patate;17/11/2020;16
Conte Marisa;Fagioli bianchi di Spagna;09/01/2021;28
Conte Marisa;Diffusore per ambienti;06/10/2020;25
Conte Marisa;Sacchetti freezer;30/12/2020;24
Conte Marisa;Prodotto per parquet;06/12/2020;13
Conte Marisa;Latte;17/06/2021;12
D'Angelo Miriam;Salvia;09/01/2021;23
D'Angelo Miriam;Pere;08/09/2020;24
D'Angelo Miriam;Minestrone;03/09/2020;24
D'Angelo Miriam;Passata di pomodoro;24/02/2021;14
D'Angelo Miriam;Paprika dolce;04/06/2021;11
D'Angelo Miriam;Sapone mani;30/12/2020;24
D'Angelo Miriam;Spazzolino;01/10/2020;12
D'Angelo Miriam;Panno per il bagno;13/10/2020;23
D'Angelo Miriam;Lievito per dolci;17/04/2021;22
D'Angelo Miriam;Speck;13/01/2021;19
D'Angelo Miriam;Funghi;12/12/2020;26
D'Angelo Miriam;Riso;23/04/2021;20
D'Angelo Miriam;Yogurt;04/05/2021;20
D'Angelo Miriam;Polipo;24/07/2020;10
D'Angelo Miriam;Parmigiano;03/04/2021;18
D'Angelo Miriam;Passata di pomodoro;28/07/2020;30
D'Angelo Miriam;Piatti di plastica;19/10/2020;30
D'Angelo Miriam;Peperoncino;19/08/2020;29
D'Angelo Miriam;Latte;14/04/2021;29
D'Angelo Miriam;Gamberi;24/04/2021;27
D'Angelo Miriam;Camomilla;29/12/2020;13
D'Angelo Miriam;Salsa barbecue;29/12/2020;26
D'Angelo Miriam;Nutella;05/08/2020;15
D'Angelo Miriam;Origano;06/04/2021;23
D'Angelo Miriam;Spugnetta per piatti;13/07/2020;11
D'Angelo Miriam;Fagioli cannellini;19/11/2020;22
D'Angelo Miriam;Patate;16/01/2021;30
D'Angelo Miriam;Panno per il pavimento;03/10/2020;24
D'Angelo Miriam;Burro;30/12/2020;21
D'Angelo Miriam;Caffe (normale / decaffeinato);27/10/2020;17
D'Angelo Miriam;ketchup;05/10/2020;19
D'Angelo Miriam;Lenticchie;01/01/2021;22
D'Angelo Miriam;Doccia schiuma;12/12/2020;25
D'Angelo Miriam;Caffe (normale / decaffeinato);19/01/2021;25
D'Angelo Miriam;Origano;15/11/2020;28
D'Angelo Miriam;Pasta fresca;23/01/2021;24
D'Angelo Miriam;Salsa di soia;01/09/2020;18
D'Angelo Miriam;Filo interdentale;27/08/2020;26
D'Angelo Miriam;Diffusore per ambienti;16/01/2021;13
D'Angelo Miriam;Cipolle;26/09/2020;17
D'Angelo Miriam;Filo interdentale;30/03/2021;20
D'Angelo Miriam;Prosciutto cotto;06/04/2021;14
D'Angelo Miriam;Prodotto per pavimenti;27/06/2021;28
D'Angelo Miriam;Sesamo;03/08/2020;21
Farina Maruta;Fette biscottate;21/03/2021;30
Farina Maruta;Tabasco;01/01/2021;16
Farina Maruta;Igienizzante bagno;15/11/2020;20
Farina Maruta;Peperoncino;03/01/2021;22
Farina Maruta;Diffusore per ambienti;15/09/2020;25
Farina Maruta;Detersivo lavastoviglie;09/09/2020;20
Farina Maruta;Fecola di patate;10/07/2020;14
Farina Maruta;Piatti di plastica;08/07/2021;20
Farina Maruta;Tofu;21/09/2020;19
Farina Maruta;Detersivo lavastoviglie;04/05/2021;25
Farina Maruta;Riso;07/04/2021;23
Farina Maruta;Peperoncino;13/07/2020;10
Farina Maruta;Noce moscata;05/02/2021;13
Farina Maruta;Mozzarella;22/03/2021;19
Farina Maruta;Lenticchie;01/01/2021;30
Farina Maruta;Shampoo;27/09/2020;29
Farina Maruta;Sacchetti freezer;11/12/2020;10
Farina Maruta;Burro;11/09/2020;15
Farina Maruta;Coca Cola;25/03/2021;11
Farina Maruta;Sacchetti freezer;16/05/2021;16
Farina Maruta;Pollo;27/09/2020;27
Farina Maruta;Tabasco;18/03/2021;27
Farina Maruta;Mandarini;21/12/2020;15
Farina Maruta;Latte;14/08/2020;20
Farina Maruta;Filetti di Merluzzo;10/02/2021;30
Farina Maruta;Lenticchie;21/12/2020;13
Farina Maruta;Pasta di semola;19/07/2020;18
Farina Maruta;Doccia schiuma;27/01/2021;21
Farina Maruta;The;22/07/2020;19
Farina Maruta;Sale fine;10/06/2021;28
Farina Maruta;Tabasco;09/01/2021;16
Farina Maruta;Sale grosso;16/07/2020;20
Farina Maruta;Funghi;19/09/2020;27
Farina Maruta;wurstel;08/12/2020;10
Farina Maruta;Crema dopo barba;25/04/2021;28
Farina Maruta;Lievito di birra;15/04/2021;25
Farina Maruta;Parmigiano;16/03/2021;11
Farina Maruta;Pere;06/08/2020;17
Farina Maruta;Insalata;18/11/2020;10
Farina Maruta;Lievito per dolci;11/02/2021;17
Farina Maruta;Riso;11/10/2020;23
Farina Maruta;Nutella;23/06/2021;17
Farina Maruta;Riso;22/11/2020;22
Farina Maruta;Tovaglioli di carta;11/08/2020;11
Farina Maruta;Filo interdentale;13/06/2021;20
Farina Maruta;Dentifricio;24/08/2020;30
Farina Maruta;Crema dopo barba;31/08/2020;15
Farina Maruta;Speck;27/01/2021;16
Farina Maruta;Carote;05/08/2020;17
Farina Maruta;Pasta all'uovo;29/12/2020;30
Farina Maruta;wurstel;21/07/2020;23
Farina Maruta;Rosmarino;27/06/2021;21
Farina Maruta;Marmellata;16/06/2021;10
Farina Maruta;Prodotto per parquet;31/10/2020;13
Ferrara Maria;Fette biscottate;11/06/2021;16
Ferrara Maria;Spugnetta per piatti;17/11/2020;27
Ferrara Maria;Gamberi;21/06/2021;14
Ferrara Maria;Dentifricio;26/03/2021;26
Ferrara Maria;Olio d'oliva;25/08/2020;10
Ferrara Maria;Sapone;24/02/2021;18
Ferrara Maria;Gamberi;13/06/2021;10
Ferrara Maria;Philadelphia;26/01/2021;11
Ferrara Maria;Uova;11/10/2020;27
Ferrara Maria;Dentifricio;18/08/2020;22
Ferrara Maria;Latte;11/11/2020;19
Ferrara Maria;Orzo;23/12/2020;28
Ferrara Maria;Arrosto;16/10/2020;15
Ferrara Maria;The freddo;10/06/2021;11
Ferrara Maria;Pomodori;25/02/2021;21
Ferrara Maria;Passata di pomodoro;24/08/2020;22
Ferrara Maria;Prosciutto cotto;15/11/2020;14
Ferrara Maria;Hamburger;09/03/2021;22
Ferrara Maria;Mele;19/12/2020;27
Ferrara Maria;Prodotto per pavimenti;01/02/2021;16
Ferrara Maria;Arance;17/12/2020;15
Ferrara Maria;Rotolo di carta da cucina;16/12/2020;27
Ferrara Maria;Tovaglioli di carta;12/10/2020;22
Ferrara Maria;Zucchero a velo;05/06/2021;29
Ferrara Maria;Aranciata;07/03/2021;24
Ferrara Maria;Sale fine;23/07/2020;30
Ferrara Maria;Panno per il bagno;10/06/2021;17
Ferrara Maria;Fagioli cannellini;09/03/2021;19
Ferrara Maria;Antitarme;06/07/2021;12
Ferrara Maria;Crema mani;12/02/2021;15
Ferrara Maria;Mele;18/08/2020;14
Ferrara Maria;Colluttorio;10/12/2020;16
Ferrara Maria;Tabasco;01/08/2020;23
Ferrara Maria;Caffe (normale / decaffeinato);09/06/2021;28
Ferrara Maria;wurstel;20/04/2021;14
Ferrara Maria;Minestrone;11/09/2020;11
Ferrara Maria;Doccia schiuma;12/08/2020;14
Ferrara Maria;Cioccolato;06/04/2021;10
Ferrara Maria;Struccante viso;25/03/2021;11
Ferraro Michela;Panna;25/12/2020;10
Ferraro Michela;Arance;30/01/2021;17
Ferraro Michela;Philadelphia;07/04/2021;14
Ferraro Michela;Sapone;12/02/2021;28
Ferraro Michela;Amido di frumento (frumina);15/01/2021;22
Ferraro Michela;Vino;14/09/2020;13
Ferraro Michela;Pane;27/09/2020;15
Ferraro Michela;Carote;05/08/2020;24
Ferraro Michela;Filo interdentale;16/07/2020;30
Ferraro Michela;Gamberetti;25/03/2021;26
Ferraro Michela;Pomodori;24/10/2020;12
Ferraro Michela;Emmenthal;03/11/2020;21
Ferraro Michela;Bistecca;13/03/2021;26
Ferraro Michela;Birra;12/02/2021;28
Ferraro Michela;Aceto;24/10/2020;18
Ferraro Michela;Pane;04/02/2021;19
Ferraro Michela;Pancetta;18/09/2020;11
Ferraro Michela;Prosciutto crudo;22/07/2020;13
Ferraro Michela;Mandarini;25/04/2021;30
Ferraro Michela;Tofu;10/03/2021;28
Ferraro Michela;Pere;06/01/2021;19
Ferraro Michela;Detersivo lavatrice;29/12/2020;19
Ferraro Michela;Salsa barbecue;01/12/2020;13
Ferraro Michela;Schiuma da barba;08/04/2021;25
Ferraro Michela;Cereali;07/07/2021;15
Ferraro Michela;Camomilla;01/09/2020;23
Ferri Menodora;Orata;22/11/2020;10
Ferri Menodora;Pasta fresca;09/12/2020;16
Ferri Menodora;Nutella;16/08/2020;24
Ferri Menodora;Ricotta;04/05/2021;23
Ferri Menodora;Spaghetti di riso;13/11/2020;27
Ferri Menodora;Sapone;22/05/2021;26
Ferri Menodora;Gamberi;13/10/2020;21
Ferri Menodora;Spugnetta per piatti;03/04/2021;26
Ferri Menodora;Antitarme;31/10/2020;13
Ferri Menodora;Cereali;21/12/2020;30
Ferri Menodora;Carta forno;24/01/2021;18
Ferri Menodora;Sapone mani;03/04/2021;27
Ferri Menodora;Prodotto per acciaio;07/05/2021;12
Ferri Menodora;Lievito per dolci;15/02/2021;22
Ferri Menodora;Vino;16/11/2020;17
Ferri Menodora;Arrosto;20/07/2020;30
Ferri Menodora;Aceto;22/06/2021;23
Ferri Menodora;Birra;12/12/2020;26
Ferri Menodora;Zafferano;07/06/2021;27
Ferri Menodora;Emmenthal;12/07/2020;14
Ferri Menodora;Filetti di pesce;17/08/2020;21
Ferri Menodora;Patatine;11/07/2020;16
Ferri Menodora;Shampoo;10/10/2020;18
Ferri Menodora;Spugnetta per piatti;21/01/2021;10
Ferri Menodora;Detersivo lavastoviglie;05/10/2020;10
Ferri Menodora;Spugnetta per piatti;13/02/2021;24
Ferri Menodora;Riso;25/08/2020;21
Ferri Menodora;Panno per il pavimento;08/01/2021;26
Ferri Menodora;Minestrone;20/06/2021;17
Ferri Menodora;Peperoni;04/12/2020;25
Ferri Menodora;Mozzarella;05/12/2020;19
Ferri Menodora;Arrosto;29/03/2021;30
Ferri Menodora;Hamburger;06/08/2020;22
Ferri Menodora;Lievito di birra;17/12/2020;25
Ferri Menodora;ketchup;29/06/2021;19
Ferri Menodora;Prodotto per parquet;19/02/2021;18
Ferri Menodora;Contorno occhi;26/03/2021;26
Ferri Menodora;Burro;02/04/2021;24
Ferri Menodora;Prosciutto crudo;10/01/2021;15
Ferri Menodora;Mortadella;12/09/2020;19
Ferri Menodora;Noce moscata;25/11/2020;24
Ferri Menodora;Pulizia Forno;03/09/2020;27
Ferri Menodora;Lenticchie;10/10/2020;28
Ferri Menodora;Mozzarella;06/09/2020;14
Ferri Menodora;Zafferano;28/07/2020;24
Ferri Menodora;Salvia;29/11/2020;25
Galli Manuela;Tovaglioli di carta;06/07/2021;23
Galli Manuela;Prosciutto crudo;02/09/2020;27
Galli Manuela;Fagioli cannellini;23/12/2020;29
Galli Manuela;Burro;14/07/2020;26
Galli Manuela;Sapone;10/12/2020;30
Galli Manuela;Pere;19/06/2021;17
Galli Manuela;Nutella;30/08/2020;21
Galli Manuela;Contorno occhi;18/04/2021;11
Galli Manuela;Pepe;16/06/2021;23
Galli Manuela;Origano;08/06/2021;22
Galli Manuela;Pomodori;09/03/2021;15
Galli Manuela;Prodotto per pavimenti;29/09/2020;10
Galli Manuela;Farina (per dolci o pane);02/04/2021;27
Galli Manuela;Mele;26/04/2021;29
Galli Manuela;Zafferano;09/12/2020;30
Galli Manuela;Amido di frumento (frumina);11/03/2021;18
Galli Manuela;Fecola di patate;28/07/2020;12
Galli Manuela;Panno per il pavimento;18/08/2020;14
Galli Manuela;Marmellata;05/05/2021;23
Galli Manuela;Aceto balsamico;08/09/2020;28
Galli Manuela;Pepe;07/10/2020;27
Galli Manuela;Colluttorio;18/07/2020;28
Galli Manuela;Spazzolino;17/01/2021;26
Galli Manuela;Struccante viso;18/05/2021;27
Galli Manuela;Mortadella;01/03/2021;25
Galli Manuela;Cipolle;27/01/2021;27
Galli Manuela;Carta forno;07/07/2021;10
Galli Manuela;Origano;05/06/2021;29
Galli Manuela;Marmellata;06/05/2021;24
Galli Manuela;Riso;01/10/2020;22
Galli Manuela;Filetti di pesce;02/10/2020;28
Galli Manuela;Gamberetti;27/03/2021;25
Galli Manuela;Rasoio;09/10/2020;10
Galli Manuela;Mele;02/12/2020;27
Galli Manuela;Carta forno;08/03/2021;30
Galli Manuela;Uova;10/08/2020;18
Galli Manuela;Filetti di pesce;17/01/2021;30
Galli Manuela;Mandarini;26/04/2021;14
Galli Manuela;Spazzolino;14/04/2021;17
Gatti Marana;Peperoncino;29/11/2020;13
Gatti Marana;Crema mani;01/07/2021;12
Gatti Marana;Ammorbidente;12/04/2021;16
Gatti Marana;Spugnetta per piatti;19/01/2021;30
Gatti Marana;Pellicola per alimenti;28/07/2020;16
Gatti Marana;Rotolo di carta da cucina;06/06/2021;30
Gatti Marana;Seitan;19/04/2021;16
Gatti Marana;Funghi;11/05/2021;25
Gatti Marana;Cacao;09/05/2021;23
Gatti Marana;Spazzolino;14/07/2020;13
Gatti Marana;Orata;11/08/2020;25
Gatti Marana;Rotolo di carta da cucina;18/05/2021;24
Gatti Marana;Cipolle;22/10/2020;18
Gatti Marana;Sale fine;28/01/2021;17
Gatti Marana;Fecola di patate;08/03/2021;19
Gatti Marana;Patatine;19/01/2021;18
Gatti Marana;Mozzarella;27/11/2020;25
Gatti Marana;Crema viso;14/09/2020;24
Gatti Marana;ketchup;28/02/2021;23
Gatti Marana;Tabasco;06/05/2021;19
Gatti Marana;Diffusore per ambienti;23/12/2020;20
Gatti Marana;Rotolo di carta da cucina;12/12/2020;18
Gatti Marana;Panno da cucina;28/01/2021;25
Gatti Marana;Doccia schiuma;11/10/2020;27
Gatti Marana;ketchup;21/11/2020;13
Gatti Marana;Vino;21/05/2021;12
Gatti Marana;Bresaola;21/07/2020;11
Gatti Marana;Fecola di patate;24/10/2020;28
Gatti Marana;Burro;15/12/2020;20
Gatti Marana;Zucchero (bianco o di canna);12/02/2021;22
Gatti Marana;Antitarme;20/07/2020;27
Gatti Marana;Igienizzante bagno;15/04/2021;18
Gatti Marana;Yogurt;16/02/2021;18
Gatti Marana;Fecola di patate;19/09/2020;13
Gatti Marana;Fette biscottate;24/11/2020;13
Gatti Marana;Ammorbidente;08/05/2021;16
Gatti Marana;Sgrassatore multiuso;20/03/2021;22
Gatti Marana;Peperoncino;16/11/2020;28
Gatti Marana;Zafferano;31/08/2020;25
Gatti Marana;Fagioli borlotti;19/08/2020;12
Gatti Marana;Diffusore per ambienti;18/09/2020;12
Gatti Marana;Ricotta;23/01/2021;12
Gatti Marana;The freddo;13/09/2020;27
Gentile Massima;Pere;16/12/2020;22
Gentile Massima;Rotolo di carta da cucina;17/10/2020;29
Gentile Massima;Coca Cola;02/07/2021;24
Gentile Massima;Philadelphia;01/04/2021;12
Gentile Massima;Limoni;13/03/2021;25
Gentile Massima;Spugnetta per piatti;22/05/2021;25
Gentile Massima;Carta forno;07/01/2021;20
Gentile Massima;Gelato;18/01/2021;17
Gentile Massima;Spugnetta per piatti;14/04/2021;24
Gentile Massima;Pancetta;01/12/2020;26
Gentile Massima;Lievito per dolci;04/09/2020;11
Gentile Massima;Paprika dolce;05/11/2020;21
Gentile Massima;Prosciutto cotto;11/08/2020;24
Gentile Massima;Balsamo;04/07/2021;24
Gentile Massima;Funghi;06/10/2020;27
Gentile Massima;Acqua;09/08/2020;14
Gentile Massima;Crema corpo;26/02/2021;13
Gentile Massima;Panno multiuso;07/03/2021;14
Gentile Massima;Ceci;28/09/2020;20
Gentile Massima;Olio d'oliva;06/09/2020;25
Gentile Massima;Polipo;19/09/2020;13
Gentile Massima;Pollo;20/01/2021;17
Gentile Massima;Birra;20/07/2020;21
Gentile Massima;Lenticchie;18/11/2020;17
Gentile Massima;Tabasco;14/10/2020;29
Gentile Massima;Fecola di patate;20/02/2021;16
Gentile Massima;Salsa di soia;08/03/2021;27
Gentile Massima;Zafferano;12/01/2021;19
Gentile Massima;Yogurt;15/06/2021;25
Gentile Massima;Seitan;13/12/2020;21
Grassi Minerva;Salsa di soia;06/08/2020;18
Grassi Minerva;Pellicola per alimenti;29/06/2021;26
Grassi Minerva;Carote;12/09/2020;12
Grassi Minerva;Cipolle;05/06/2021;24
Grassi Minerva;Insalata;14/07/2020;15
Grassi Minerva;Zucchero a velo;27/12/2020;14
Grassi Minerva;Contorno occhi;12/12/2020;10
Grassi Minerva;ketchup;21/04/2021;23
Grassi Minerva;Zafferano;21/12/2020;18
Grassi Minerva;Fecola di patate;22/01/2021;25
Grassi Minerva;Arance;29/04/2021;21
Grassi Minerva;Sapone mani;06/05/2021;14
Grassi Minerva;Mozzarella;08/02/2021;20
Grassi Minerva;Nutella;27/01/2021;25
Grassi Minerva;Latte;14/03/2021;30
Grassi Minerva;Shampoo;23/01/2021;28
Grassi Minerva;Farina (per dolci o pane);08/07/2021;27
Grassi Minerva;Panno per il pavimento;22/05/2021;12
Grassi Minerva;Pasta sfoglia;23/04/2021;22
Grassi Minerva;Zucchero a velo;15/03/2021;11
Grassi Minerva;Gamberetti;29/10/2020;30
Grassi Minerva;Detergente intimo;27/05/2021;16
Grassi Minerva;Prodotto per acciaio;01/02/2021;24
Grassi Minerva;Salvia;23/09/2020;20
Grassi Minerva;Nutella;11/05/2021;16
Grassi Minerva;Bicchieri di plastica;02/11/2020;25
Grassi Minerva;Pepe;18/05/2021;12
Grassi Minerva;Panno multiuso;19/07/2020;27
Grassi Minerva;Pellicola per alimenti;10/10/2020;30
Grassi Minerva;Peperoni;03/10/2020;28
Grassi Minerva;Lievito per dolci;04/09/2020;16
Grassi Minerva;Bistecca;03/06/2021;15
Grassi Minerva;Carote;02/01/2021;24
Grassi Minerva;Patatine;10/07/2020;29
Grassi Minerva;Pepe;31/01/2021;30
Marchetti Maddalena;Dentifricio;27/02/2021;13
Marchetti Maddalena;Panno multiuso;08/07/2021;11
Marchetti Maddalena;Gelato;27/04/2021;25
Marchetti Maddalena;Lenticchie;28/05/2021;11
Marchetti Maddalena;Cipolle;27/01/2021;23
Marchetti Maddalena;Gelato;14/11/2020;16
Marchetti Maddalena;Dentifricio;14/03/2021;10
Marchetti Maddalena;Hamburger;13/10/2020;26
Marchetti Maddalena;Pere;17/06/2021;21
Marchetti Maddalena;Nutella;14/09/2020;24
Marchetti Maddalena;Fagioli cannellini;29/10/2020;21
Marchetti Maddalena;Bresaola;11/04/2021;28
Marchetti Maddalena;Crema dopo barba;19/04/2021;11
Marchetti Maddalena;Ricotta;18/03/2021;12
Marchetti Maddalena;Gamberetti;04/11/2020;28
Marchetti Maddalena;Lenticchie;17/01/2021;14
Marchetti Maddalena;Vino;25/09/2020;18
Marchetti Maddalena;Gelato;13/06/2021;27
Marchetti Maddalena;Sale fine;22/01/2021;27
Marchetti Maddalena;Crema corpo;11/08/2020;10
Marchetti Maddalena;Funghi;28/08/2020;22
Marchetti Maddalena;Arance;05/07/2021;28
Marchetti Maddalena;Riso;23/08/2020;11
Marchetti Maddalena;Crema corpo;26/06/2021;11
Marchetti Maddalena;Sapone;30/10/2020;22
Marchetti Maddalena;Amido di frumento (frumina);09/02/2021;19
Marchetti Maddalena;Pulizia Forno;28/12/2020;25
Marchetti Maddalena;Antitarme;17/03/2021;27
Marchetti Maddalena;Ceci;27/12/2020;16
Marchetti Maddalena;Fagioli cannellini;28/06/2021;13
Marchetti Maddalena;Birra;30/11/2020;27
Marchetti Maddalena;Pasta all'uovo;11/03/2021;25
Marchetti Maddalena;Sacchetti freezer;13/02/2021;29
Marchetti Maddalena;Spaghetti di riso;18/07/2020;22
Marchetti Maddalena;Pasta all'uovo;03/08/2020;17
Marchetti Maddalena;Camomilla;30/09/2020;15
Marchetti Maddalena;Basilico;07/07/2021;23
Mariani Mareta;Spaghetti di riso;30/11/2020;15
Mariani Mareta;Spaghetti di riso;03/04/2021;13
Mariani Mareta;Diffusore per ambienti;14/02/2021;19
Mariani Mareta;Tovaglioli di carta;16/05/2021;19
Mariani Mareta;Amido di frumento (frumina);18/03/2021;21
Mariani Mareta;Alluminio;29/11/2020;26
Mariani Mareta;Lievito per dolci;17/10/2020;23
Mariani Mareta;Hamburger;30/01/2021;29
Mariani Mareta;Marmellata;05/09/2020;25
Mariani Mareta;Fagioli borlotti;22/04/2021;26
Mariani Mareta;Dentifricio;31/05/2021;13
Mariani Mareta;Philadelphia;11/05/2021;26
Mariani Mareta;Zucchero a velo;30/12/2020;13
Mariani Mareta;Yogurt;10/06/2021;29
Mariani Mareta;Sale fine;03/06/2021;22
Mariani Mareta;Uova;23/06/2021;22
Mariani Mareta;Olio d'oliva;13/06/2021;28
Mariani Mareta;Aceto;24/10/2020;19
Mariani Mareta;Arance;02/05/2021;29
Mariani Mareta;Caffe (normale / decaffeinato);15/09/2020;12
Mariani Mareta;Antitarme;19/04/2021;17
Mariani Mareta;Gamberetti;13/02/2021;22
Mariani Mareta;Caffe (normale / decaffeinato);08/12/2020;22
Mariani Mareta;Tovaglioli di carta;17/08/2020;25
Mariani Mareta;Mandarini;22/12/2020;14
Mariani Mareta;Tofu;24/07/2020;14
Mariani Mareta;Passata di pomodoro;03/10/2020;16
Mariani Mareta;Schiuma da barba;23/04/2021;17
Mariani Mareta;Prosciutto crudo;05/12/2020;22
Mariani Mareta;Arance;13/11/2020;15
Mariani Mareta;Filetti di Merluzzo;08/10/2020;29
Mariani Mareta;Gamberi;18/11/2020;12
Mariani Mareta;Patatine;03/02/2021;28
Mariani Mareta;Orzo;06/12/2020;28
Mariani Mareta;Cipolle;24/12/2020;29
Mariani Mareta;Pane;23/04/2021;20
Mariani Mareta;Pasta fresca;26/11/2020;29
Mariani Mareta;Limoni;11/12/2020;19
Marini Marilena;Prosciutto crudo;13/01/2021;25
Marini Marilena;Pasta sfoglia;01/07/2021;15
Marini Marilena;Zucchero a velo;29/04/2021;27
Marini Marilena;Pulizia Forno;21/08/2020;18
Marini Marilena;Farina (per dolci o pane);18/02/2021;19
Marini Marilena;Gel / Schiuma per capelli;17/11/2020;13
Marini Marilena;Pomodori;02/09/2020;10
Marini Marilena;Acqua;18/09/2020;16
Marini Marilena;Speck;11/08/2020;13
Marini Marilena;Contorno occhi;04/04/2021;28
Marini Marilena;Aceto;07/03/2021;10
Marini Marilena;Sapone mani;09/05/2021;10
Marini Marilena;Melanzane;31/01/2021;12
Marini Marilena;Gel / Schiuma per capelli;27/02/2021;19
Marini Marilena;Rasoio;14/04/2021;18
Marini Marilena;Spazzolino;18/03/2021;20
Marini Marilena;Funghi;15/07/2020;26
Marini Marilena;Latte;02/06/2021;10
Marini Marilena;Prosciutto crudo;19/02/2021;14
Marini Marilena;Contorno occhi;22/07/2020;12
Marini Marilena;Yogurt;28/05/2021;23
Marini Marilena;Noce moscata;27/08/2020;15
Marini Marilena;Emmenthal;18/01/2021;21
Marini Marilena;Aceto balsamico;02/05/2021;12
Marini Marilena;Cipolle;26/10/2020;30
Marini Marilena;Seitan;24/04/2021;24
Marini Marilena;Pellicola per alimenti;18/12/2020;24
Marini Marilena;Mortadella;18/12/2020;26
Marini Marilena;Spazzolino;16/03/2021;27
Marini Marilena;ketchup;16/05/2021;18
Marini Marilena;Prosciutto cotto;29/05/2021;29
Marini Marilena;Patatine;01/10/2020;27
Marini Marilena;Gel / Schiuma per capelli;10/06/2021;27
Marini Marilena;Pomodori;27/10/2020;11
Martini Magda;Marmellata;05/03/2021;24
Martini Magda;Mortadella;01/02/2021;28
Martini Magda;Fagioli bianchi di Spagna;22/02/2021;16
Martini Magda;Aceto;06/07/2021;15
Martini Magda;Mortadella;26/11/2020;12
Martini Magda;Tofu;15/12/2020;30
Martini Magda;Pasta fresca;10/03/2021;13
Martini Magda;Rotolo di carta da cucina;13/05/2021;29
Martini Magda;Lievito di birra;13/11/2020;16
Martini Magda;Pomodori;24/08/2020;23
Martini Magda;Pasta di semola;22/02/2021;22
Martini Magda;Lenticchie;27/03/2021;25
Martini Magda;Paprika dolce;06/09/2020;27
Martini Magda;Carta forno;31/10/2020;15
Martini Magda;Lievito di birra;16/01/2021;20
Martini Magda;Camomilla;26/06/2021;17
Martini Magda;Peperoncino;09/01/2021;17
Martini Magda;The freddo;21/06/2021;10
Martini Magda;Filo interdentale;06/10/2020;11
Martini Magda;Carote;15/10/2020;21
Martini Magda;Birra;23/01/2021;18
Martini Magda;Pancetta;06/07/2021;24
Martini Magda;Panno multiuso;03/11/2020;19
Martini Magda;Pollo;07/01/2021;19
Martini Magda;Detersivo lavatrice;02/12/2020;14
Martini Magda;Schiuma da barba;12/06/2021;27
Martini Magda;Orata;05/05/2021;30
Martini Magda;Filetti di Merluzzo;13/12/2020;20
Martini Magda;Fagioli cannellini;18/02/2021;17
Martini Magda;Noce moscata;15/05/2021;25
Martini Magda;Gel / Schiuma per capelli;15/08/2020;23
Martini Magda;Salame;05/09/2020;16
Martini Magda;Mozzarella;01/05/2021;28
Martini Magda;Spaghetti di riso;29/03/2021;25
Martini Magda;Doccia schiuma;07/02/2021;23
Martini Magda;Diffusore per ambienti;25/03/2021;11
Martini Magda;Maggiorana;04/08/2020;13
Martini Magda;Birra;17/12/2020;27
Martini Magda;The;17/12/2020;16
Martini Magda;Amido di frumento (frumina);11/11/2020;18
Martini Magda;Minestrone;28/11/2020;18
Martini Magda;Crema viso;02/03/2021;15
Martini Magda;Zafferano;14/08/2020;18
Martini Magda;Hamburger;29/01/2021;18
Martini Magda;Prodotto per pavimenti;05/06/2021;14
Martini Magda;Alluminio;20/03/2021;11
Martini Magda;Zafferano;30/03/2021;13
Martini Magda;Piatti di plastica;05/02/2021;15
Mazza Morena;Shampoo;15/10/2020;26
Mazza Morena;Igienizzante bagno;10/04/2021;28
Mazza Morena;Paprika dolce;12/09/2020;13
Mazza Morena;Carote;08/02/2021;17
Mazza Morena;Filetti di pesce;03/10/2020;21
Mazza Morena;Contorno occhi;15/05/2021;12
Mazza Morena;Spazzolino;07/05/2021;29
Mazza Morena;Cipolle;10/08/2020;29
Mazza Morena;The;26/03/2021;10
Mazza Morena;Maggiorana;27/01/2021;14
Mazza Morena;Contorno occhi;14/08/2020;21
Mazza Morena;Parmigiano;10/01/2021;17
Mazza Morena;The freddo;10/08/2020;23
Mazza Morena;Pelati;14/09/2020;18
Mazza Morena;Tofu;16/08/2020;29
Mazza Morena;Pasta fresca;23/09/2020;22
Mazza Morena;Yogurt;12/03/2021;12
Mazza Morena;Peperoni;09/07/2021;27
Mazza Morena;Aceto;21/12/2020;24
Mazza Morena;Tovaglioli di carta;05/07/2021;17
Mazza Morena;Prodotto per acciaio;29/07/2020;29
Mazza Morena;Pasta all'uovo;16/10/2020;23
Mazza Morena;Philadelphia;26/08/2020;25
Mazza Morena;Prodotto per pavimenti;15/04/2021;19
Mazza Morena;Mele;10/10/2020;27
Mazza Morena;Ricotta;10/12/2020;24
Mazza Morena;Yogurt;27/11/2020;21
Mazza Morena;The freddo;14/03/2021;29
Mazza Morena;Aceto;13/12/2020;10
Mazza Morena;Filetti di Merluzzo;22/06/2021;26
Mazza Morena;Pepe;04/12/2020;15
Mazza Morena;Mandarini;22/01/2021;19
Mazza Morena;Tofu;08/01/2021;19
Mazza Morena;Carote;03/11/2020;16
Morelli Melissa;Panna;21/11/2020;14
Morelli Melissa;Diffusore per ambienti;21/09/2020;27
Morelli Melissa;Contorno occhi;22/09/2020;13
Morelli Melissa;Salvia;09/02/2021;22
Morelli Melissa;Basilico;11/03/2021;25
Morelli Melissa;Salame;01/12/2020;30
Morelli Melissa;Insalata;01/09/2020;13
Morelli Melissa;Ceci;11/05/2021;11
Morelli Melissa;Zucchero a velo;10/02/2021;14
Morelli Melissa;Detersivo lavatrice;26/01/2021;23
Morelli Melissa;Fagioli cannellini;30/12/2020;27
Morelli Melissa;Latte;20/08/2020;17
Morelli Melissa;Spaghetti di riso;11/11/2020;26
Morelli Melissa;Pulizia Forno;26/07/2020;17
Morelli Melissa;Filo interdentale;29/08/2020;27
Morelli Melissa;Olio d'oliva;20/05/2021;12
Morelli Melissa;Panna;26/03/2021;13
Morelli Melissa;Detergente intimo;23/12/2020;20
Morelli Melissa;Parmigiano;23/06/2021;23
Morelli Melissa;Salame;01/12/2020;28
Morelli Melissa;Seitan;05/10/2020;19
Morelli Melissa;Sale grosso;15/02/2021;16
Morelli Melissa;Sale grosso;17/06/2021;19
Morelli Melissa;Salsa di soia;07/12/2020;21
Morelli Melissa;Vino;01/10/2020;15
Morelli Melissa;Carta forno;20/10/2020;23
Morelli Melissa;Piatti di plastica;31/07/2020;21
Morelli Melissa;Filo interdentale;27/05/2021;16
Morelli Melissa;Pellicola per alimenti;02/09/2020;21
Morelli Melissa;Filetti di pesce;06/10/2020;23
Morelli Melissa;Tabasco;02/08/2020;16
Morelli Melissa;Cipolle;18/07/2020;25
Morelli Melissa;Dentifricio;16/01/2021;30
Morelli Melissa;Bicchieri di plastica;08/09/2020;20
Morelli Melissa;Tabasco;29/05/2021;15
Morelli Melissa;Olio d'oliva;28/01/2021;26
Morelli Melissa;Orata;26/01/2021;28
Morelli Melissa;Noce moscata;17/09/2020;25
Morelli Melissa;Panno per il pavimento;31/12/2020;14
Morelli Melissa;Zafferano;25/08/2020;27
Morelli Melissa;Balsamo;27/08/2020;22
Morelli Melissa;Prodotto per parquet;23/12/2020;30
Morelli Melissa;Funghi;05/11/2020;15
Morelli Melissa;Aranciata;27/03/2021;17
Morelli Melissa;The;16/04/2021;16
Morelli Melissa;Ceci;17/02/2021;19
Morelli Melissa;Crema viso;06/04/2021;15
Morelli Melissa;Aceto;11/03/2021;26
Pellegrini Mimma;Arrosto;25/12/2020;14
Pellegrini Mimma;Carote;01/02/2021;29
Pellegrini Mimma;Spaghetti di riso;16/08/2020;10
Pellegrini Mimma;Diffusore per ambienti;13/01/2021;19
Pellegrini Mimma;Camomilla;24/08/2020;16
Pellegrini Mimma;Prosciutto crudo;15/04/2021;20
Pellegrini Mimma;Burro;30/12/2020;26
Pellegrini Mimma;Detergente intimo;07/09/2020;29
Pellegrini Mimma;Arrosto;20/10/2020;17
Pellegrini Mimma;Pollo;02/05/2021;29
Pellegrini Mimma;Olio d'oliva;26/12/2020;27
Pellegrini Mimma;Pasta all'uovo;12/10/2020;24
Pellegrini Mimma;Farina (per dolci o pane);06/12/2020;14
Pellegrini Mimma;Panno multiuso;23/03/2021;25
Pellegrini Mimma;Latte;11/01/2021;29
Pellegrini Mimma;Prosciutto crudo;10/02/2021;10
Pellegrini Mimma;Rasoio;30/11/2020;13
Pellegrini Mimma;Burro;23/05/2021;11
Pellegrini Mimma;Nutella;11/01/2021;19
Pellegrini Mimma;Noce moscata;03/09/2020;13
Pellegrini Mimma;Pollo;10/11/2020;22
Pellegrini Mimma;Bicchieri di plastica;09/11/2020;24
Pellegrini Mimma;Zucchine;12/02/2021;26
Pellegrini Mimma;Mandarini;22/12/2020;13
Pellegrini Mimma;Sapone mani;21/09/2020;17
Pellegrini Mimma;Cipolle;17/03/2021;13
Pellegrini Mimma;Shampoo;15/12/2020;28
Pellegrini Mimma;Spazzolino;18/06/2021;10
Pellegrini Mimma;Zucchero a velo;20/08/2020;22
Pellegrini Mimma;Uova;09/01/2021;21
Pellegrini Mimma;Tabasco;24/07/2020;29
Pellegrini Mimma;Pancetta;27/09/2020;21
Pellegrini Mimma;Sacchetti freezer;19/08/2020;15
Pellegrini Mimma;Pelati;23/06/2021;18
Pellegrini Mimma;Sale grosso;08/09/2020;25
Pellegrini Mimma;Alluminio;10/06/2021;16
Pellegrini Mimma;Schiuma da barba;21/12/2020;25
Pellegrini Mimma;Fette biscottate;04/03/2021;15
Pellegrini Mimma;Melanzane;23/06/2021;19
Pellegrini Mimma;Lenticchie;08/06/2021;23
Pellegrini Mimma;Pasta di semola;04/10/2020;21
Pellegrini Mimma;Pere;06/03/2021;25
Pellegrini Mimma;Maionese;19/08/2020;21
Pellegrini Mimma;Paprika dolce;08/11/2020;21
Pellegrini Mimma;Colluttorio;18/01/2021;14
Pellegrini Mimma;ketchup;13/12/2020;25
Pellegrini Mimma;Spugnetta per piatti;16/03/2021;22
Pellegrini Mimma;Philadelphia;16/10/2020;27
Rizzi Melanio;Prodotto per acciaio;01/09/2020;16
Rizzi Melanio;Diffusore per ambienti;24/10/2020;27
Rizzi Melanio;Basilico;29/06/2021;12
Rizzi Melanio;Pollo;23/05/2021;11
Rizzi Melanio;Mozzarella;29/03/2021;19
Rizzi Melanio;Carta forno;25/01/2021;12
Rizzi Melanio;Schiuma da barba;28/10/2020;14
Rizzi Melanio;Piatti di plastica;11/11/2020;22
Rizzi Melanio;Lenticchie;17/01/2021;24
Rizzi Melanio;Orata;12/11/2020;28
Rizzi Melanio;Colluttorio;07/09/2020;23
Rizzi Melanio;Lievito per dolci;21/09/2020;25
Rizzi Melanio;Panno per il pavimento;30/03/2021;23
Rizzi Melanio;Coca Cola;06/06/2021;20
Rizzi Melanio;Arrosto;11/09/2020;29
Rizzi Melanio;Peperoni;14/12/2020;22
Rizzi Melanio;Detergente intimo;13/02/2021;15
Rizzi Melanio;Burro;26/05/2021;11
Rizzi Melanio;Birra;14/03/2021;30
Rizzi Melanio;Birra;02/06/2021;15
Rizzi Melanio;Rotolo di carta da cucina;30/04/2021;15
Rizzi Melanio;Acqua;17/09/2020;17
Rizzi Melanio;Crema corpo;17/11/2020;11
Rizzi Melanio;Zafferano;23/11/2020;13
Rizzi Melanio;Mele;12/08/2020;26
Rizzi Melanio;Paprika dolce;01/08/2020;20
Rizzi Melanio;Diffusore per ambienti;12/04/2021;20
Rizzi Melanio;Melanzane;19/07/2020;24
Rizzi Melanio;Noce moscata;10/07/2020;16
Rizzi Melanio;Alluminio;02/05/2021;17
Rizzi Melanio;Pere;07/11/2020;24
Rizzi Melanio;Dentifricio;10/12/2020;10
Rizzi Melanio;The;08/06/2021;14
Rizzi Melanio;Cacao;03/10/2020;22
Rizzi Melanio;Pulizia Forno;21/08/2020;29
Rossetti Miranda;Zucchine;19/08/2020;27
Rossetti Miranda;Sapone mani;03/08/2020;28
Rossetti Miranda;Orzo;16/12/2020;18
Rossetti Miranda;Struccante viso;14/03/2021;28
Rossetti Miranda;Salsa barbecue;03/06/2021;23
Rossetti Miranda;Crema viso;03/02/2021;24
Rossetti Miranda;Alluminio;03/10/2020;16
Rossetti Miranda;Piatti di plastica;19/12/2020;16
Rossetti Miranda;wurstel;02/06/2021;24
Rossetti Miranda;Filetti di Merluzzo;23/06/2021;24
Rossetti Miranda;Pepe;20/04/2021;24
Rossetti Miranda;Arance;20/05/2021;28
Rossetti Miranda;Panno per il pavimento;25/11/2020;27
Rossetti Miranda;Fagioli bianchi di Spagna;24/04/2021;14
Rossetti Miranda;Panna;04/10/2020;12
Rossetti Miranda;Farina (per dolci o pane);05/02/2021;10
Rossetti Miranda;Spugnetta per piatti;06/02/2021;18
Rossetti Miranda;Detersivo lavastoviglie;09/08/2020;16
Rossetti Miranda;Pomodori;23/07/2020;26
Rossetti Miranda;Filetti di pesce;26/12/2020;21
Rossetti Miranda;Lievito per dolci;07/11/2020;12
Rossetti Miranda;Carote;01/04/2021;26
Rossetti Miranda;Crema viso;14/04/2021;27
Rossetti Miranda;Miele;14/01/2021;19
Rossetti Miranda;Doccia schiuma;17/04/2021;15
Rossetti Miranda;Gel / Schiuma per capelli;26/05/2021;29
Rossetti Miranda;Aranciata;21/10/2020;30
Rossetti Miranda;Gamberetti;03/02/2021;16
Rossetti Miranda;Pelati;31/08/2020;22
Rossetti Miranda;Camomilla;28/11/2020;19
Rossetti Miranda;Fagioli bianchi di Spagna;30/11/2020;20
Rossetti Miranda;Struccante viso;23/07/2020;19
Rossetti Miranda;Burro;11/12/2020;29
Rossetti Miranda;Struccante viso;14/06/2021;19
Rossetti Miranda;Shampoo;22/07/2020;17
Rossetti Miranda;Pepe;09/06/2021;18
Rossetti Miranda;Patate;19/09/2020;11
Rossetti Miranda;Spaghetti di riso;18/03/2021;18
Rossetti Miranda;Peperoni;09/09/2020;13
Rossetti Miranda;Tofu;09/03/2021;30
Rossetti Miranda;Caffe (normale / decaffeinato);23/12/2020;29
Rossetti Miranda;Struccante viso;24/03/2021;17
Rossetti Miranda;Pulizia Forno;29/03/2021;11
Rossetti Miranda;Maggiorana;23/12/2020;24
Rossetti Miranda;Limoni;14/02/2021;27
Rossetti Miranda;Fecola di patate;29/07/2020;11
Rossetti Miranda;Noce moscata;09/08/2020;30
Rossetti Miranda;Crema mani;28/07/2020;20
Rossetti Miranda;Pomodori;05/09/2020;20
Rossetti Miranda;Lenticchie;10/11/2020;27
Rossetti Miranda;Antitarme;14/02/2021;29
Rossetti Miranda;Nutella;18/04/2021;11
Rossetti Miranda;Zucchero a velo;14/12/2020;18
Rossetti Miranda;Gel / Schiuma per capelli;10/06/2021;15
Santoro Marica;Maionese;18/06/2021;11
Santoro Marica;Colluttorio;19/02/2021;30
Santoro Marica;Pomodori;01/02/2021;14
Santoro Marica;Carta forno;21/07/2020;21
Santoro Marica;Funghi;19/06/2021;15
Santoro Marica;Coca Cola;09/10/2020;13
Santoro Marica;Igienizzante bagno;17/06/2021;30
Santoro Marica;Funghi;04/04/2021;24
Santoro Marica;Riso;17/12/2020;25
Santoro Marica;Panno per il bagno;08/02/2021;21
Santoro Marica;Philadelphia;08/01/2021;10
Santoro Marica;Arrosto;14/10/2020;12
Santoro Marica;Zucchine;02/12/2020;13
Santoro Marica;Bicchieri di plastica;30/04/2021;20
Santoro Marica;Sesamo;05/09/2020;20
Santoro Marica;Lenticchie;20/12/2020;17
Santoro Marica;Arrosto;21/07/2020;10
Santoro Marica;Detersivo lavatrice;26/11/2020;30
Santoro Marica;The freddo;14/05/2021;23
Santoro Marica;Struccante viso;19/07/2020;10
Santoro Marica;Noce moscata;26/12/2020;15
Santoro Marica;Lievito per dolci;21/11/2020;21
Santoro Marica;Gel / Schiuma per capelli;20/07/2020;11
Santoro Marica;Pere;17/02/2021;26
Santoro Marica;Fagioli bianchi di Spagna;20/11/2020;25
Santoro Marica;Origano;23/05/2021;11
Santoro Marica;Coca Cola;09/03/2021;16
Santoro Marica;Detergente intimo;11/01/2021;11
Santoro Marica;Bistecca;16/08/2020;21
Santoro Marica;Pasta di semola;30/05/2021;27
Serra Marta;Antitarme;25/06/2021;19
Serra Marta;Pancetta;17/09/2020;29
Serra Marta;Sapone mani;05/11/2020;11
Serra Marta;Mele;10/03/2021;15
Serra Marta;Caffe (normale / decaffeinato);21/02/2021;13
Serra Marta;Salame;08/10/2020;11
Serra Marta;The;06/02/2021;11
Serra Marta;Pancetta;04/05/2021;14
Serra Marta;Detersivo lavastoviglie;13/06/2021;25
Serra Marta;Aceto balsamico;19/04/2021;28
Serra Marta;Hamburger;21/09/2020;18
Serra Marta;Pollo;06/02/2021;11
Serra Marta;Pomodori;26/09/2020;12
Serra Marta;Pepe;08/10/2020;16
Serra Marta;Paprika dolce;10/03/2021;26
Serra Marta;Pasta all'uovo;24/04/2021;15
Serra Marta;Cacao;16/12/2020;13
Serra Marta;Rosmarino;26/02/2021;26
Serra Marta;Filo interdentale;10/05/2021;23
Serra Marta;Olio d'oliva;03/12/2020;20
Serra Marta;Pomodori;28/06/2021;14
Serra Marta;Hamburger;31/10/2020;30
Serra Marta;Fette biscottate;31/03/2021;25
Serra Marta;Aceto;16/05/2021;10
Serra Marta;Philadelphia;24/08/2020;20
Serra Marta;Ammorbidente;08/11/2020;12
Serra Marta;Lenticchie;25/04/2021;30
Serra Marta;Fette biscottate;15/01/2021;27
Serra Marta;Maggiorana;07/05/2021;25
Serra Marta;Zucchero (bianco o di canna);22/06/2021;13
Serra Marta;Pasta fresca;06/09/2020;16
Serra Marta;Passata di pomodoro;20/12/2020;20
Serra Marta;Yogurt;17/07/2020;20
Testa Messalina;Zucchine;08/01/2021;28
Testa Messalina;Aceto balsamico;15/04/2021;28
Testa Messalina;Tofu;03/01/2021;21
Testa Messalina;Pellicola per alimenti;04/01/2021;15
Testa Messalina;Pasta all'uovo;06/07/2021;20
Testa Messalina;Ricotta;28/10/2020;28
Testa Messalina;Panno da cucina;09/03/2021;21
Testa Messalina;Alluminio;02/05/2021;15
Testa Messalina;Prodotto per parquet;03/04/2021;26
Testa Messalina;Rosmarino;27/03/2021;15
Testa Messalina;Filetti di pesce;22/12/2020;23
Testa Messalina;Mele;30/12/2020;30
Testa Messalina;Seitan;29/01/2021;16
Testa Messalina;Crema mani;15/10/2020;26
Testa Messalina;Prosciutto crudo;14/12/2020;25
Testa Messalina;Insalata;17/12/2020;26
Testa Messalina;Miele;22/06/2021;14
Testa Messalina;Zucchero (bianco o di canna);07/04/2021;18
Testa Messalina;Cacao;13/02/2021;16
Testa Messalina;Coca Cola;10/04/2021;19
Testa Messalina;Detersivo lavatrice;23/10/2020;30
Testa Messalina;Latte;28/03/2021;21
Testa Messalina;Orata;04/03/2021;21
Testa Messalina;Pane;11/09/2020;19
Testa Messalina;Fecola di patate;30/05/2021;24
Testa Messalina;Contorno occhi;23/09/2020;11
Testa Messalina;Origano;05/12/2020;13
Testa Messalina;Piatti di plastica;01/01/2021;19
Testa Messalina;Fagioli cannellini;17/04/2021;20
Testa Messalina;Basilico;26/10/2020;19
Testa Messalina;Panno da cucina;14/06/2021;28
Testa Messalina;Insalata;25/09/2020;16
Testa Messalina;Melanzane;23/09/2020;21
Testa Messalina;Pelati;22/12/2020;29
Testa Messalina;Coca Cola;27/10/2020;14
Testa Messalina;Ceci;31/10/2020;15
Testa Messalina;Lenticchie;20/07/2020;13
Testa Messalina;Panno per il bagno;22/04/2021;30
Testa Messalina;Orzo;03/10/2020;11
Testa Messalina;Salsa barbecue;20/08/2020;17
Testa Messalina;Noce moscata;05/08/2020;13
Testa Messalina;Struccante viso;03/09/2020;29
